rank,Symbol,Name,Sector,sleeve,conviction_score,screens_passed,screens_list,LTP,Change%,Turnover_USD,Liquidity_Tier,Quality_Score,Quality_Grade,Darvas_Signal,GC_Signal,Piotroski_Score,Piotroski_Strong,CoffeeCan,CC_Score,MagicFormula,ROIC_%,Earnings_Yield_%,BullCartel,ROE_avg_%,Revenue_CAGR_%,Sales_Growth_YoY_%,Profit_Growth_YoY_%,Above_EMA50,Actionable,ML_Direction,ML_Pred_Ret%,ML_Confidence,thesis
1,WWD,"Woodward, Inc.",Industrials,CORE,77.4,6,Darvas breakout; Piotroski strong; Bull Cartel; Quality A/B; Actionable setup; Above EMA50,414.37,2.42,52402880.0,T1_MOST_LIQUID,80.0,A,BREAKOUT_BUY,ABOVE_200DMA,9.0,YES,FAIL,5/6,FAIL,15.23,2.33,PASS,13.65,14.4,23.42,23.01,1.0,1.0,BEARISH,-5.926,0.541,"Woodward, Inc. (Industrials). Hits: Darvas breakout; Piotroski strong; Bull Cartel; Quality A/B; Actionable setup; Above EMA50. Price $414.37, +2.4% day. Piotroski F=9. Avg ROE 13.7%. Breakout quality A (80). Liquidity T1_MOST_LIQUID · ~$52,402,880/day. Multi-screen agreement → highest conviction sleeve."
2,ONC,BeOne Medicines Ltd.,Healthcare,CORE,76.4,6,Darvas breakout; Piotroski strong; Bull Cartel; Quality A/B; Actionable setup; Above EMA50,327.69,2.43,54646127.0,T1_MOST_LIQUID,83.8,A,BREAKOUT_BUY,BELOW_200DMA,7.0,YES,FAIL,4/6,FAIL,7.47,1.63,PASS,-20.85,55.69,35.46,17802.13,1.0,1.0,BEARISH,-3.408,0.309,"BeOne Medicines Ltd. (Healthcare). Hits: Darvas breakout; Piotroski strong; Bull Cartel; Quality A/B; Actionable setup; Above EMA50. Price $327.69, +2.4% day. Piotroski F=7. Avg ROE -20.9%. Breakout quality A (84). Liquidity T1_MOST_LIQUID · ~$54,646,127/day. Multi-screen agreement → highest conviction sleeve."
3,MU,"Micron Technology, Inc.",Technology,CORE,74.7,6,Darvas breakout; Piotroski strong; Bull Cartel; Quality A/B; Actionable setup; Above EMA50,983.54,2.51,1588929322.0,T1_MOST_LIQUID,63.0,B,BREAKOUT_BUY,ABOVE_200DMA,7.0,YES,FAIL,2/6,FAIL,14.2,0.93,PASS,5.42,6.71,345.72,1398.3,1.0,1.0,BEARISH,-6.146,0.262,"Micron Technology, Inc. (Technology). Hits: Darvas breakout; Piotroski strong; Bull Cartel; Quality A/B; Actionable setup; Above EMA50. Price $983.54, +2.5% day. Piotroski F=7. Avg ROE 5.4%. Breakout quality B (63). Liquidity T1_MOST_LIQUID · ~$1,588,929,322/day. Multi-screen agreement → highest conviction sleeve."
4,STX,Seagate Technology Holdings PLC,Technology,CORE,74.7,6,Darvas breakout; Piotroski strong; Bull Cartel; Quality A/B; Actionable setup; Above EMA50,919.62,1.27,192251057.0,T1_MOST_LIQUID,62.8,B,BREAKOUT_BUY,ABOVE_200DMA,7.0,YES,FAIL,3/6,FAIL,34.12,0.91,PASS,1512.84,-7.94,44.07,120.0,1.0,1.0,BULLISH,5.588,0.274,"Seagate Technology Holdings PLC (Technology). Hits: Darvas breakout; Piotroski strong; Bull Cartel; Quality A/B; Actionable setup; Above EMA50. Price $919.62, +1.3% day. Piotroski F=7. Avg ROE 1512.8%. Breakout quality B (63). Liquidity T1_MOST_LIQUID · ~$192,251,057/day. Multi-screen agreement → highest conviction sleeve."
5,CHRW,"C.H. Robinson Worldwide, Inc.",Industrials,CORE,70.1,6,Darvas breakout; Piotroski strong; Quality A/B; Actionable setup; ML bullish; Above EMA50,206.12,-0.59,112352929.0,T1_MOST_LIQUID,67.5,B,BREAKOUT_BUY,ABOVE_200DMA,7.0,YES,FAIL,5/6,FAIL,24.64,3.18,FAIL,37.82,-13.05,-0.84,8.82,1.0,1.0,BULLISH,13.015,1.0,"C.H. Robinson Worldwide, Inc. (Industrials). Hits: Darvas breakout; Piotroski strong; Quality A/B; Actionable setup; ML bullish; Above EMA50. Price $206.12, -0.6% day. Piotroski F=7. Avg ROE 37.8%. Breakout quality B (68). Liquidity T1_MOST_LIQUID · ~$112,352,929/day. Multi-screen agreement → highest conviction sleeve."
6,CASY,"Caseys General Stores, Inc.",Consumer Cyclical,CORE,66.5,5,Darvas breakout; Piotroski strong; Quality A/B; Actionable setup; Above EMA50,868.59,1.38,71599483.0,T1_MOST_LIQUID,69.0,B,BREAKOUT_BUY,ABOVE_200DMA,9.0,YES,FAIL,5/6,FAIL,13.63,3.06,FAIL,16.77,5.17,14.5,65.49,1.0,1.0,BEARISH,-1.203,0.126,"Caseys General Stores, Inc. (Consumer Cyclical). Hits: Darvas breakout; Piotroski strong; Quality A/B; Actionable setup; Above EMA50. Price $868.59, +1.4% day. Piotroski F=9. Avg ROE 16.8%. Breakout quality B (69). Liquidity T1_MOST_LIQUID · ~$71,599,483/day. Multi-screen agreement → highest conviction sleeve."
7,HST,"Host Hotels & Resorts, Inc.",Real Estate,CORE,65.4,5,Darvas breakout; Piotroski strong; Quality A/B; Actionable setup; Above EMA50,24.01,-2.0,106592011.0,T1_MOST_LIQUID,63.8,B,BREAKOUT_BUY,ABOVE_200DMA,8.0,YES,FAIL,4/6,FAIL,9.06,5.28,FAIL,10.7,7.61,3.2,99.19,1.0,1.0,BULLISH,0.735,0.115,"Host Hotels & Resorts, Inc. (Real Estate). Hits: Darvas breakout; Piotroski strong; Quality A/B; Actionable setup; Above EMA50. Price $24.01, -2.0% day. Piotroski F=8. Avg ROE 10.7%. Breakout quality B (64). Liquidity T1_MOST_LIQUID · ~$106,592,011/day. Multi-screen agreement → highest conviction sleeve."
8,ILMN,"Illumina, Inc.",Healthcare,CORE,64.7,5,Darvas breakout; Piotroski strong; Quality A/B; Actionable setup; Above EMA50,194.96,2.14,242599760.0,T1_MOST_LIQUID,63.0,B,BREAKOUT_BUY,ABOVE_200DMA,7.0,YES,FAIL,3/6,FAIL,23.46,3.92,FAIL,-26.82,-1.78,4.8,2.29,1.0,1.0,BULLISH,6.498,0.48,"Illumina, Inc. (Healthcare). Hits: Darvas breakout; Piotroski strong; Quality A/B; Actionable setup; Above EMA50. Price $194.96, +2.1% day. Piotroski F=7. Avg ROE -26.8%. Breakout quality B (63). Liquidity T1_MOST_LIQUID · ~$242,599,760/day. Multi-screen agreement → highest conviction sleeve."
9,DRS,,,CORE,64.7,5,Darvas breakout; Piotroski strong; Quality A/B; Actionable setup; Above EMA50,48.1,4.77,12085787.0,T2_LIQUID,75.0,B,BREAKOUT_BUY,ABOVE_200DMA,7.0,YES,FAIL,5/6,FAIL,10.57,2.91,FAIL,11.19,10.65,5.88,24.0,1.0,1.0,BEARISH,-2.058,0.185,"nan (nan). Hits: Darvas breakout; Piotroski strong; Quality A/B; Actionable setup; Above EMA50. Price $48.10, +4.8% day. Piotroski F=7. Avg ROE 11.2%. Breakout quality B (75). Liquidity T2_LIQUID · ~$12,085,787/day. Multi-screen agreement → highest conviction sleeve."
10,MEDP,"Medpace Holdings, Inc.",Healthcare,CORE,63.0,5,Darvas breakout; Coffee Can; Quality A/B; Actionable setup; Above EMA50,605.26,14.61,72814783.0,T1_MOST_LIQUID,75.5,B,BREAKOUT_BUY,BELOW_200DMA,6.0,NO,PASS,6/6,FAIL,84.68,3.61,FAIL,65.34,20.12,26.5,8.09,1.0,1.0,BEARISH,-6.69,0.492,"Medpace Holdings, Inc. (Healthcare). Hits: Darvas breakout; Coffee Can; Quality A/B; Actionable setup; Above EMA50. Price $605.26, +14.6% day. Piotroski F=6. Avg ROE 65.3%. Breakout quality B (76). Liquidity T1_MOST_LIQUID · ~$72,814,783/day. Multi-screen agreement → highest conviction sleeve."
11,TIGO,Millicom International Cellular,Communication Services,CORE,62.8,5,Darvas breakout; Piotroski strong; Quality A/B; Actionable setup; Above EMA50,96.55,-1.34,2092914.0,T3_MID,61.5,B,BREAKOUT_BUY,ABOVE_200DMA,8.0,YES,FAIL,2/6,FAIL,16.26,8.3,FAIL,11.43,1.14,45.1,-43.52,1.0,1.0,BEARISH,-8.759,0.896,"Millicom International Cellular (Communication Services). Hits: Darvas breakout; Piotroski strong; Quality A/B; Actionable setup; Above EMA50. Price $96.55, -1.3% day. Piotroski F=8. Avg ROE 11.4%. Breakout quality B (62). Liquidity T3_MID · ~$2,092,914/day. Multi-screen agreement → highest conviction sleeve."
12,EXE,Expand Energy Corporation,Energy,CORE,60.8,4,Darvas breakout; Piotroski strong; Bull Cartel; Above EMA50,92.41,-0.82,149596801.0,T1_MOST_LIQUID,55.5,C,BREAKOUT_BUY,BELOW_200DMA,8.0,YES,FAIL,4/6,FAIL,9.91,10.56,PASS,20.59,2.13,100.27,565.46,1.0,0.0,BULLISH,2.108,0.245,"Expand Energy Corporation (Energy). Hits: Darvas breakout; Piotroski strong; Bull Cartel; Above EMA50. Price $92.41, -0.8% day. Piotroski F=8. Avg ROE 20.6%. Breakout quality C (56). Liquidity T1_MOST_LIQUID · ~$149,596,801/day. Multi-screen agreement → highest conviction sleeve."
13,ATAT,Atour Lifestyle Holdings Limite,Consumer Cyclical,CORE,59.8,4,Piotroski strong; Coffee Can; Magic Formula; Bull Cartel,31.29,-0.54,19163221.0,T2_LIQUID,26.8,D,IN_BOX,BELOW_200DMA,7.0,YES,PASS,6/6,PASS,43.5,2736.37,PASS,33.02,62.94,47.51,90.91,0.0,0.0,BULLISH,1.819,0.182,"Atour Lifestyle Holdings Limite (Consumer Cyclical). Hits: Piotroski strong; Coffee Can; Magic Formula; Bull Cartel. Price $31.29, -0.5% day. Piotroski F=7. Avg ROE 33.0%. Breakout quality D (27). Liquidity T2_LIQUID · ~$19,163,221/day. Multi-screen agreement → highest conviction sleeve."
14,NBIS,Nebius Group N.V.,Communication Services,CORE,59.7,4,Darvas breakout; Piotroski strong; Bull Cartel; Above EMA50,218.91,0.34,927191688.0,T1_MOST_LIQUID,51.0,C,BREAKOUT_BUY,ABOVE_200DMA,7.0,YES,FAIL,2/6,FAIL,0.69,0.15,PASS,1.74,239.83,683.89,647.31,1.0,0.0,INSUFFICIENT_DATA,0.0,0.0,"Nebius Group N.V. (Communication Services). Hits: Darvas breakout; Piotroski strong; Bull Cartel; Above EMA50. Price $218.91, +0.3% day. Piotroski F=7. Avg ROE 1.7%. Breakout quality C (51). Liquidity T1_MOST_LIQUID · ~$927,191,688/day. Multi-screen agreement → highest conviction sleeve."
15,LITE,Lumentum Holdings Inc.,Technology,CORE,59.6,4,Darvas breakout; Piotroski strong; Bull Cartel; Above EMA50,836.03,0.76,79612250.0,T1_MOST_LIQUID,49.5,C,BREAKOUT_BUY,ABOVE_200DMA,7.0,YES,FAIL,1/6,FAIL,-3.92,-0.24,PASS,-13.48,-1.33,90.12,426.98,1.0,0.0,BEARISH,-28.848,1.0,"Lumentum Holdings Inc. (Technology). Hits: Darvas breakout; Piotroski strong; Bull Cartel; Above EMA50. Price $836.03, +0.8% day. Piotroski F=7. Avg ROE -13.5%. Breakout quality C (50). Liquidity T1_MOST_LIQUID · ~$79,612,250/day. Multi-screen agreement → highest conviction sleeve."
16,ROST,"Ross Stores, Inc.",Consumer Cyclical,CORE,58.6,5,Darvas breakout; Bull Cartel; Quality A/B; Actionable setup; Above EMA50,232.51,-2.39,278072122.0,T1_MOST_LIQUID,70.0,B,BREAKOUT_BUY,ABOVE_200DMA,6.0,NO,FAIL,5/6,FAIL,26.86,4.03,PASS,36.59,6.76,20.57,35.62,1.0,1.0,BEARISH,-0.741,0.109,"Ross Stores, Inc. (Consumer Cyclical). Hits: Darvas breakout; Bull Cartel; Quality A/B; Actionable setup; Above EMA50. Price $232.51, -2.4% day. Piotroski F=6. Avg ROE 36.6%. Breakout quality B (70). Liquidity T1_MOST_LIQUID · ~$278,072,122/day. Multi-screen agreement → highest conviction sleeve."
17,ARGX,argenx SE,Healthcare,CORE,58.4,5,Darvas breakout; Bull Cartel; Quality A/B; Actionable setup; Above EMA50,909.03,6.73,117563872.0,T1_MOST_LIQUID,83.8,A,BREAKOUT_BUY,ABOVE_200DMA,4.0,NO,FAIL,4/6,FAIL,17.42,2.6,PASS,0.09,116.25,64.3,116.57,1.0,1.0,BEARISH,-1.905,0.231,"argenx SE (Healthcare). Hits: Darvas breakout; Bull Cartel; Quality A/B; Actionable setup; Above EMA50. Price $909.03, +6.7% day. Piotroski F=4. Avg ROE 0.1%. Breakout quality A (84). Liquidity T1_MOST_LIQUID · ~$117,563,872/day. Multi-screen agreement → highest conviction sleeve."
18,ESLT,Elbit Systems Ltd.,Industrials,CORE,58.4,4,Darvas breakout; Piotroski strong; Bull Cartel; Above EMA50,811.67,2.39,5994486.0,T3_MID,57.0,C,BREAKOUT_BUY,ABOVE_200DMA,8.0,YES,FAIL,5/6,FAIL,9.48,1.84,PASS,10.01,12.93,15.46,50.16,1.0,0.0,BEARISH,-4.051,0.308,"Elbit Systems Ltd. (Industrials). Hits: Darvas breakout; Piotroski strong; Bull Cartel; Above EMA50. Price $811.67, +2.4% day. Piotroski F=8. Avg ROE 10.0%. Breakout quality C (57). Liquidity T3_MID · ~$5,994,486/day. Multi-screen agreement → highest conviction sleeve."
19,JAZZ,Jazz Pharmaceuticals plc,Healthcare,CORE,58.1,5,Darvas breakout; Bull Cartel; Quality A/B; Actionable setup; Above EMA50,253.31,1.16,78748920.0,T1_MOST_LIQUID,80.0,A,BREAKOUT_BUY,ABOVE_200DMA,4.0,NO,FAIL,2/6,FAIL,-4.6,-2.47,PASS,2.32,5.26,19.06,416.86,1.0,1.0,BEARISH,-2.11,0.186,"Jazz Pharmaceuticals plc (Healthcare). Hits: Darvas breakout; Bull Cartel; Quality A/B; Actionable setup; Above EMA50. Price $253.31, +1.2% day. Piotroski F=4. Avg ROE 2.3%. Breakout quality A (80). Liquidity T1_MOST_LIQUID · ~$78,748,920/day. Multi-screen agreement → highest conviction sleeve."
20,HAFN,,,CORE,58.0,6,Darvas breakout; Bull Cartel; Quality A/B; Actionable setup; ML bullish; Above EMA50,7.59,0.8,6822522.0,T2_LIQUID,63.0,B,BREAKOUT_BUY,ABOVE_200DMA,,NO,FAIL,,FAIL,,,PASS,,,22.51,184.43,1.0,1.0,BULLISH,7.363,0.707,"nan (nan). Hits: Darvas breakout; Bull Cartel; Quality A/B; Actionable setup; ML bullish; Above EMA50. Price $7.59, +0.8% day. Breakout quality B (63). Liquidity T2_LIQUID · ~$6,822,522/day. Multi-screen agreement → highest conviction sleeve."
21,BGC,"BGC Group, Inc.",Financial Services,CORE,57.7,5,Darvas breakout; Bull Cartel; Quality A/B; Actionable setup; Above EMA50,11.61,0.87,15875353.0,T2_LIQUID,80.0,A,BREAKOUT_BUY,ABOVE_200DMA,5.0,NO,FAIL,4/6,FAIL,10.28,5.32,PASS,10.36,17.63,44.79,52.54,1.0,1.0,BULLISH,1.959,0.222,"BGC Group, Inc. (Financial Services). Hits: Darvas breakout; Bull Cartel; Quality A/B; Actionable setup; Above EMA50. Price $11.61, +0.9% day. Piotroski F=5. Avg ROE 10.4%. Breakout quality A (80). Liquidity T2_LIQUID · ~$15,875,353/day. Multi-screen agreement → highest conviction sleeve."
22,DAVE,Dave Inc.,Technology,CORE,56.1,5,Darvas breakout; Bull Cartel; Quality A/B; Actionable setup; Above EMA50,394.2,-6.95,4210162.0,T3_MID,70.0,B,BREAKOUT_BUY,ABOVE_200DMA,6.0,NO,FAIL,3/6,FAIL,46.88,3.2,PASS,-22.39,39.34,46.71,101.08,1.0,1.0,BULLISH,5.224,0.242,"Dave Inc. (Technology). Hits: Darvas breakout; Bull Cartel; Quality A/B; Actionable setup; Above EMA50. Price $394.20, -7.0% day. Piotroski F=6. Avg ROE -22.4%. Breakout quality B (70). Liquidity T3_MID · ~$4,210,162/day. Multi-screen agreement → highest conviction sleeve."
23,AVGO,Broadcom Inc.,Technology,CORE,55.8,4,Piotroski strong; Coffee Can; Bull Cartel; Above EMA50,389.85,-1.75,2642782915.0,T1_MOST_LIQUID,43.2,C,IN_BOX,ABOVE_200DMA,8.0,YES,PASS,6/6,FAIL,17.0,1.37,PASS,36.62,24.38,47.87,87.51,1.0,0.0,BULLISH,0.677,0.049,"Broadcom Inc. (Technology). Hits: Piotroski strong; Coffee Can; Bull Cartel; Above EMA50. Price $389.85, -1.8% day. Piotroski F=8. Avg ROE 36.6%. Breakout quality C (43). Liquidity T1_MOST_LIQUID · ~$2,642,782,915/day. Multi-screen agreement → highest conviction sleeve."
24,VNOM,"Viper Energy, Inc.",Energy,CORE,55.6,5,Darvas breakout; Bull Cartel; Quality A/B; Actionable setup; Above EMA50,45.34,0.15,20339092.0,T2_LIQUID,70.0,B,BREAKOUT_BUY,ABOVE_200DMA,3.0,NO,FAIL,3/6,FAIL,-0.97,-1.22,PASS,13.16,17.21,108.57,29.33,1.0,1.0,BEARISH,-7.432,0.954,"Viper Energy, Inc. (Energy). Hits: Darvas breakout; Bull Cartel; Quality A/B; Actionable setup; Above EMA50. Price $45.34, +0.1% day. Piotroski F=3. Avg ROE 13.2%. Breakout quality B (70). Liquidity T2_LIQUID · ~$20,339,092/day. Multi-screen agreement → highest conviction sleeve."
25,PCTY,Paylocity Holding Corporation,Technology,CORE,55.5,4,Piotroski strong; Coffee Can; Quality A/B; Above EMA50,119.92,-0.71,73126963.0,T1_MOST_LIQUID,64.5,B,IN_BOX,BELOW_200DMA,8.0,YES,PASS,6/6,FAIL,20.48,4.72,FAIL,17.48,23.22,10.5,21.61,1.0,0.0,BULLISH,4.735,0.43,"Paylocity Holding Corporation (Technology). Hits: Piotroski strong; Coffee Can; Quality A/B; Above EMA50. Price $119.92, -0.7% day. Piotroski F=8. Avg ROE 17.5%. Breakout quality B (64). Liquidity T1_MOST_LIQUID · ~$73,126,963/day. Multi-screen agreement → highest conviction sleeve."
26,ASML,ASML Holding N.V. - New York Re,Technology,CORE,55.4,4,Piotroski strong; Coffee Can; Quality A/B; Above EMA50,1793.64,-0.46,815221615.0,T1_MOST_LIQUID,63.0,B,IN_BOX,ABOVE_200DMA,8.0,YES,PASS,6/6,FAIL,43.81,1.7,FAIL,53.02,15.55,13.25,17.06,1.0,0.0,BEARISH,-4.499,0.406,"ASML Holding N.V. - New York Re (Technology). Hits: Piotroski strong; Coffee Can; Quality A/B; Above EMA50. Price $1793.64, -0.5% day. Piotroski F=8. Avg ROE 53.0%. Breakout quality B (63). Liquidity T1_MOST_LIQUID · ~$815,221,615/day. Multi-screen agreement → highest conviction sleeve."
27,LFST,"LifeStance Health Group, Inc.",Healthcare,CORE,55.3,5,Piotroski strong; Bull Cartel; Quality A/B; ML bullish; Above EMA50,10.86,-1.36,7602670.0,T2_LIQUID,61.5,B,IN_BOX,ABOVE_200DMA,8.0,YES,FAIL,4/6,FAIL,1.23,0.55,PASS,-7.64,18.33,21.17,1908.89,1.0,0.0,BULLISH,11.963,0.848,"LifeStance Health Group, Inc. (Healthcare). Hits: Piotroski strong; Bull Cartel; Quality A/B; ML bullish; Above EMA50. Price $10.86, -1.4% day. Piotroski F=8. Avg ROE -7.6%. Breakout quality B (62). Liquidity T2_LIQUID · ~$7,602,670/day. Multi-screen agreement → highest conviction sleeve."
28,RTX,,,CORE,55.2,5,Darvas breakout; Golden cross; Quality A/B; Actionable setup; Above EMA50,209.04,7.27,527787358.0,T1_MOST_LIQUID,77.8,B,BREAKOUT_BUY,GOLDEN_CROSS,,NO,FAIL,,FAIL,,,FAIL,,,,,1.0,1.0,BEARISH,-1.687,0.22,"nan (nan). Hits: Darvas breakout; Golden cross; Quality A/B; Actionable setup; Above EMA50. Price $209.04, +7.3% day. Breakout quality B (78). Liquidity T1_MOST_LIQUID · ~$527,787,358/day. Multi-screen agreement → highest conviction sleeve."
29,BLLN,"BillionToOne, Inc.",Healthcare,CORE,54.9,5,Darvas breakout; Bull Cartel; Quality A/B; Actionable setup; Above EMA50,128.26,-0.76,29114929.0,T2_LIQUID,61.5,B,BREAKOUT_BUY,BELOW_200DMA,3.0,NO,FAIL,4/6,FAIL,1.34,0.15,PASS,1.55,,83.82,550.6,1.0,1.0,INSUFFICIENT_DATA,0.0,0.0,"BillionToOne, Inc. (Healthcare). Hits: Darvas breakout; Bull Cartel; Quality A/B; Actionable setup; Above EMA50. Price $128.26, -0.8% day. Piotroski F=3. Avg ROE 1.6%. Breakout quality B (62). Liquidity T2_LIQUID · ~$29,114,929/day. Multi-screen agreement → highest conviction sleeve."
30,VCYT,"Veracyte, Inc.",Healthcare,CORE,54.7,5,Piotroski strong; Bull Cartel; Quality A/B; ML bullish; Above EMA50,57.7,-0.53,21086612.0,T2_LIQUID,63.0,B,IN_BOX,ABOVE_200DMA,7.0,YES,FAIL,3/6,FAIL,5.07,1.63,PASS,-0.85,20.37,21.49,307.36,1.0,0.0,BULLISH,12.237,0.778,"Veracyte, Inc. (Healthcare). Hits: Piotroski strong; Bull Cartel; Quality A/B; ML bullish; Above EMA50. Price $57.70, -0.5% day. Piotroski F=7. Avg ROE -0.8%. Breakout quality B (63). Liquidity T2_LIQUID · ~$21,086,612/day. Multi-screen agreement → highest conviction sleeve."
31,PTON,,,CORE,54.4,5,Darvas breakout; Golden cross; Quality A/B; Actionable setup; Above EMA50,6.05,-3.35,90884415.0,T1_MOST_LIQUID,67.5,B,BREAKOUT_BUY,GOLDEN_CROSS,,NO,FAIL,,FAIL,,,FAIL,,,,,1.0,1.0,NEUTRAL,0.231,0.016,"nan (nan). Hits: Darvas breakout; Golden cross; Quality A/B; Actionable setup; Above EMA50. Price $6.05, -3.4% day. Breakout quality B (68). Liquidity T1_MOST_LIQUID · ~$90,884,415/day. Multi-screen agreement → highest conviction sleeve."
32,AEIS,,,CORE,54.3,3,Darvas breakout; Piotroski strong; Bull Cartel,314.37,-0.93,21389885.0,T2_LIQUID,33.0,D,BREAKOUT_BUY,ABOVE_200DMA,7.0,YES,FAIL,4/6,FAIL,11.73,1.49,PASS,11.33,-0.85,26.3,170.45,0.0,0.0,BEARISH,-33.208,1.0,"nan (nan). Hits: Darvas breakout; Piotroski strong; Bull Cartel. Price $314.37, -0.9% day. Piotroski F=7. Avg ROE 11.3%. Breakout quality D (33). Liquidity T2_LIQUID · ~$21,389,885/day. Multi-screen agreement → highest conviction sleeve."
33,FTNT,"Fortinet, Inc.",Technology,CORE,53.4,5,Coffee Can; Bull Cartel; Quality A/B; ML bullish; Above EMA50,152.07,-1.92,347416300.0,T1_MOST_LIQUID,67.5,B,BREAKDOWN_SELL,ABOVE_200DMA,6.0,NO,PASS,6/6,FAIL,42.99,1.93,PASS,133.3,15.46,20.13,23.33,1.0,0.0,BULLISH,9.787,0.751,"Fortinet, Inc. (Technology). Hits: Coffee Can; Bull Cartel; Quality A/B; ML bullish; Above EMA50. Price $152.07, -1.9% day. Piotroski F=6. Avg ROE 133.3%. Breakout quality B (68). Liquidity T1_MOST_LIQUID · ~$347,416,300/day. Multi-screen agreement → highest conviction sleeve."
34,BZ,KANZHUN LIMITED - American Depo,Communication Services,CORE,53.4,5,Darvas breakout; Quality A/B; Actionable setup; ML bullish; Above EMA50,15.16,-1.56,52078896.0,T1_MOST_LIQUID,67.5,B,BREAKOUT_BUY,BELOW_200DMA,6.0,NO,FAIL,5/6,FAIL,12.2,,FAIL,8.36,22.38,7.57,123.24,1.0,1.0,BULLISH,14.614,1.0,"KANZHUN LIMITED - American Depo (Communication Services). Hits: Darvas breakout; Quality A/B; Actionable setup; ML bullish; Above EMA50. Price $15.16, -1.6% day. Piotroski F=6. Avg ROE 8.4%. Breakout quality B (68). Liquidity T1_MOST_LIQUID · ~$52,078,896/day. Multi-screen agreement → highest conviction sleeve."
35,HON,Honeywell International Inc.,Industrials,CORE,53.3,5,Darvas breakout; Quality A/B; Actionable setup; ML bullish; Above EMA50,244.38,4.89,573816338.0,T1_MOST_LIQUID,75.0,B,BREAKOUT_BUY,ABOVE_200DMA,5.0,NO,FAIL,4/6,FAIL,13.57,7.11,FAIL,32.52,1.82,2.44,-43.34,1.0,1.0,BULLISH,4.689,0.639,"Honeywell International Inc. (Industrials). Hits: Darvas breakout; Quality A/B; Actionable setup; ML bullish; Above EMA50. Price $244.38, +4.9% day. Piotroski F=5. Avg ROE 32.5%. Breakout quality B (75). Liquidity T1_MOST_LIQUID · ~$573,816,338/day. Multi-screen agreement → highest conviction sleeve."
36,CEG,Constellation Energy Corporatio,Utilities,CORE,52.4,4,Darvas breakout; Bull Cartel; Quality A/B; Above EMA50,276.02,0.41,413126513.0,T1_MOST_LIQUID,68.0,B,BREAKOUT_BUY,BELOW_200DMA,6.0,NO,FAIL,3/6,FAIL,8.16,3.55,PASS,14.46,1.47,63.85,1247.46,1.0,0.0,BULLISH,0.543,0.041,"Constellation Energy Corporatio (Utilities). Hits: Darvas breakout; Bull Cartel; Quality A/B; Above EMA50. Price $276.02, +0.4% day. Piotroski F=6. Avg ROE 14.5%. Breakout quality B (68). Liquidity T1_MOST_LIQUID · ~$413,126,513/day. Multi-screen agreement → highest conviction sleeve."
37,FANG,"Diamondback Energy, Inc.",Energy,CORE,52.3,5,Darvas breakout; Quality A/B; Actionable setup; ML bullish; Above EMA50,206.02,1.48,271136380.0,T1_MOST_LIQUID,61.5,B,BREAKOUT_BUY,ABOVE_200DMA,5.0,NO,FAIL,5/6,FAIL,3.22,3.18,FAIL,15.37,15.99,4.44,-98.22,1.0,1.0,BULLISH,5.873,0.702,"Diamondback Energy, Inc. (Energy). Hits: Darvas breakout; Quality A/B; Actionable setup; ML bullish; Above EMA50. Price $206.02, +1.5% day. Piotroski F=5. Avg ROE 15.4%. Breakout quality B (62). Liquidity T1_MOST_LIQUID · ~$271,136,380/day. Multi-screen agreement → highest conviction sleeve."
38,SBRA,"Sabra Health Care REIT, Inc.",Real Estate,CORE,52.0,5,Darvas breakout; Quality A/B; Actionable setup; ML bullish; Above EMA50,21.98,0.0,27111732.0,T2_LIQUID,63.0,B,BREAKOUT_BUY,ABOVE_200DMA,6.0,NO,FAIL,3/6,FAIL,5.23,3.58,FAIL,2.02,7.43,20.82,1.43,1.0,1.0,BULLISH,9.822,1.0,"Sabra Health Care REIT, Inc. (Real Estate). Hits: Darvas breakout; Quality A/B; Actionable setup; ML bullish; Above EMA50. Price $21.98, +0.0% day. Piotroski F=6. Avg ROE 2.0%. Breakout quality B (63). Liquidity T2_LIQUID · ~$27,111,732/day. Multi-screen agreement → highest conviction sleeve."
39,SMCI,"Super Micro Computer, Inc.",Technology,CORE,51.6,4,Darvas breakout; Bull Cartel; Quality A/B; Above EMA50,30.97,1.34,768765574.0,T1_MOST_LIQUID,66.0,B,BREAKOUT_BUY,BELOW_200DMA,5.0,NO,FAIL,5/6,FAIL,10.89,4.94,PASS,22.59,61.71,122.68,344.38,1.0,0.0,BEARISH,-7.85,0.31,"Super Micro Computer, Inc. (Technology). Hits: Darvas breakout; Bull Cartel; Quality A/B; Above EMA50. Price $30.97, +1.3% day. Piotroski F=5. Avg ROE 22.6%. Breakout quality B (66). Liquidity T1_MOST_LIQUID · ~$768,765,574/day. Multi-screen agreement → highest conviction sleeve."
40,STRL,"Sterling Infrastructure, Inc.",Industrials,CORE,51.5,3,Darvas breakout; Coffee Can; Bull Cartel,724.27,0.69,25924430.0,T2_LIQUID,39.0,D,BREAKOUT_BUY,ABOVE_200DMA,5.0,NO,PASS,6/6,FAIL,26.58,2.07,PASS,25.72,12.06,91.59,143.1,0.0,0.0,BEARISH,-1.652,0.061,"Sterling Infrastructure, Inc. (Industrials). Hits: Darvas breakout; Coffee Can; Bull Cartel. Price $724.27, +0.7% day. Piotroski F=5. Avg ROE 25.7%. Breakout quality D (39). Liquidity T2_LIQUID · ~$25,924,430/day. Multi-screen agreement → highest conviction sleeve."
41,CAKE,The Cheesecake Factory Incorpor,Consumer Cyclical,CORE,51.3,5,Darvas breakout; Quality A/B; Actionable setup; ML bullish; Above EMA50,84.28,-1.63,37021334.0,T2_LIQUID,61.5,B,BREAKOUT_BUY,ABOVE_200DMA,5.0,NO,FAIL,4/6,FAIL,6.98,2.93,FAIL,29.0,4.34,5.57,50.41,1.0,1.0,BULLISH,6.621,0.635,"The Cheesecake Factory Incorpor (Consumer Cyclical). Hits: Darvas breakout; Quality A/B; Actionable setup; ML bullish; Above EMA50. Price $84.28, -1.6% day. Piotroski F=5. Avg ROE 29.0%. Breakout quality B (62). Liquidity T2_LIQUID · ~$37,021,334/day. Multi-screen agreement → highest conviction sleeve."
42,GEN,Gen Digital Inc.,Technology,CORE,51.3,4,Piotroski strong; Bull Cartel; Quality A/B; Above EMA50,25.12,-1.8,90112055.0,T1_MOST_LIQUID,70.0,B,BREAKDOWN_SELL,ABOVE_200DMA,7.0,YES,FAIL,5/6,FAIL,16.15,8.72,PASS,38.65,14.66,27.03,260.56,1.0,0.0,BEARISH,-8.235,0.744,"Gen Digital Inc. (Technology). Hits: Piotroski strong; Bull Cartel; Quality A/B; Above EMA50. Price $25.12, -1.8% day. Piotroski F=7. Avg ROE 38.6%. Breakout quality B (70). Liquidity T1_MOST_LIQUID · ~$90,112,055/day. Multi-screen agreement → highest conviction sleeve."
43,ADSK,"Autodesk, Inc.",Technology,CORE,51.2,3,Piotroski strong; Coffee Can; Bull Cartel,205.27,0.87,338909990.0,T1_MOST_LIQUID,31.5,D,IN_BOX,BELOW_200DMA,7.0,YES,PASS,6/6,FAIL,26.94,4.15,PASS,50.01,12.92,18.43,223.03,0.0,0.0,BULLISH,0.527,0.054,"Autodesk, Inc. (Technology). Hits: Piotroski strong; Coffee Can; Bull Cartel. Price $205.27, +0.9% day. Piotroski F=7. Avg ROE 50.0%. Breakout quality D (32). Liquidity T1_MOST_LIQUID · ~$338,909,990/day. Multi-screen agreement → highest conviction sleeve."
44,TTE,,,CORE,51.0,5,Darvas breakout; Quality A/B; Actionable setup; ML bullish; Above EMA50,86.46,1.83,81917582.0,T1_MOST_LIQUID,87.5,A,BREAKOUT_BUY,ABOVE_200DMA,,NO,FAIL,,FAIL,,,FAIL,,,,,1.0,1.0,BULLISH,8.762,1.0,"nan (nan). Hits: Darvas breakout; Quality A/B; Actionable setup; ML bullish; Above EMA50. Price $86.46, +1.8% day. Breakout quality A (88). Liquidity T1_MOST_LIQUID · ~$81,917,582/day. Multi-screen agreement → highest conviction sleeve."
45,CLMT,"Calumet, Inc",Basic Materials,CORE,50.9,5,Darvas breakout; Quality A/B; Actionable setup; ML bullish; Above EMA50,43.03,-2.51,3035601.0,T3_MID,67.5,B,BREAKOUT_BUY,ABOVE_200DMA,6.0,NO,FAIL,2/6,FAIL,4.84,1.55,FAIL,,-4.07,3.6,-95.68,1.0,1.0,BULLISH,26.492,1.0,"Calumet, Inc (Basic Materials). Hits: Darvas breakout; Quality A/B; Actionable setup; ML bullish; Above EMA50. Price $43.03, -2.5% day. Piotroski F=6. Breakout quality B (68). Liquidity T3_MID · ~$3,035,601/day. Multi-screen agreement → highest conviction sleeve."
46,CNQ,,,CORE,50.4,5,Darvas breakout; Quality A/B; Actionable setup; ML bullish; Above EMA50,47.04,2.69,141107406.0,T1_MOST_LIQUID,80.0,A,BREAKOUT_BUY,ABOVE_200DMA,,NO,FAIL,,FAIL,,,FAIL,,,,,1.0,1.0,BULLISH,8.748,0.954,"nan (nan). Hits: Darvas breakout; Quality A/B; Actionable setup; ML bullish; Above EMA50. Price $47.04, +2.7% day. Breakout quality A (80). Liquidity T1_MOST_LIQUID · ~$141,107,406/day. Multi-screen agreement → highest conviction sleeve."
47,NVCR,,,CORE,50.3,5,Darvas breakout; Quality A/B; Actionable setup; ML bullish; Above EMA50,20.39,30.96,27374002.0,T2_LIQUID,91.0,A,BREAKOUT_BUY,ABOVE_200DMA,,NO,FAIL,,FAIL,,,FAIL,,,,,1.0,1.0,BULLISH,18.637,0.886,"nan (nan). Hits: Darvas breakout; Quality A/B; Actionable setup; ML bullish; Above EMA50. Price $20.39, +31.0% day. Breakout quality A (91). Liquidity T2_LIQUID · ~$27,374,002/day. Multi-screen agreement → highest conviction sleeve."
48,DAC,,,CORE,50.1,5,Darvas breakout; Quality A/B; Actionable setup; ML bullish; Above EMA50,136.73,3.43,8664465.0,T2_LIQUID,88.8,A,BREAKOUT_BUY,ABOVE_200DMA,,NO,FAIL,,FAIL,,,FAIL,,,,,1.0,1.0,BULLISH,7.22,1.0,"nan (nan). Hits: Darvas breakout; Quality A/B; Actionable setup; ML bullish; Above EMA50. Price $136.73, +3.4% day. Breakout quality A (89). Liquidity T2_LIQUID · ~$8,664,465/day. Multi-screen agreement → highest conviction sleeve."
49,SEZL,Sezzle Inc.,Financial Services,CORE,50.1,4,Piotroski strong; Bull Cartel; Quality A/B; Above EMA50,159.52,-8.45,33458868.0,T2_LIQUID,67.5,B,BREAKDOWN_SELL,ABOVE_200DMA,7.0,YES,FAIL,4/6,FAIL,52.43,2.56,PASS,-57.71,53.06,29.19,41.86,1.0,0.0,BULLISH,10.889,0.503,"Sezzle Inc. (Financial Services). Hits: Piotroski strong; Bull Cartel; Quality A/B; Above EMA50. Price $159.52, -8.4% day. Piotroski F=7. Avg ROE -57.7%. Breakout quality B (68). Liquidity T2_LIQUID · ~$33,458,868/day. Multi-screen agreement → highest conviction sleeve."
50,TMHC,,,CORE,50.0,5,Darvas breakout; Quality A/B; Actionable setup; ML bullish; Above EMA50,72.47,0.0,41854733.0,T1_MOST_LIQUID,75.0,B,BREAKOUT_BUY,ABOVE_200DMA,,NO,FAIL,,FAIL,,,FAIL,,,,,1.0,1.0,BULLISH,10.268,0.997,"nan (nan). Hits: Darvas breakout; Quality A/B; Actionable setup; ML bullish; Above EMA50. Price $72.47, +0.0% day. Breakout quality B (75). Liquidity T1_MOST_LIQUID · ~$41,854,733/day. Multi-screen agreement → highest conviction sleeve."
51,CDNS,"Cadence Design Systems, Inc.",Technology,CORE,49.8,3,Piotroski strong; Coffee Can; Bull Cartel,332.39,-1.37,368799679.0,T1_MOST_LIQUID,14.5,D,IN_BOX,ABOVE_200DMA,7.0,YES,PASS,6/6,FAIL,19.24,1.55,PASS,26.09,14.14,18.66,22.69,0.0,0.0,BEARISH,-7.39,0.726,"Cadence Design Systems, Inc. (Technology). Hits: Piotroski strong; Coffee Can; Bull Cartel. Price $332.39, -1.4% day. Piotroski F=7. Avg ROE 26.1%. Breakout quality D (14). Liquidity T1_MOST_LIQUID · ~$368,799,679/day. Multi-screen agreement → highest conviction sleeve."
52,VLO,,,CORE,49.6,5,Darvas breakout; Quality A/B; Actionable setup; ML bullish; Above EMA50,307.95,-0.96,395377657.0,T1_MOST_LIQUID,70.0,B,BREAKOUT_BUY,ABOVE_200DMA,,NO,FAIL,,FAIL,,,FAIL,,,,,1.0,1.0,BULLISH,13.023,1.0,"nan (nan). Hits: Darvas breakout; Quality A/B; Actionable setup; ML bullish; Above EMA50. Price $307.95, -1.0% day. Breakout quality B (70). Liquidity T1_MOST_LIQUID · ~$395,377,657/day. Multi-screen agreement → highest conviction sleeve."
53,KSS,,,CORE,49.6,5,Darvas breakout; Quality A/B; Actionable setup; ML bullish; Above EMA50,18.1,-5.14,91496053.0,T1_MOST_LIQUID,70.0,B,BREAKOUT_BUY,BELOW_200DMA,,NO,FAIL,,FAIL,,,FAIL,,,,,1.0,1.0,BULLISH,16.78,0.701,"nan (nan). Hits: Darvas breakout; Quality A/B; Actionable setup; ML bullish; Above EMA50. Price $18.10, -5.1% day. Breakout quality B (70). Liquidity T1_MOST_LIQUID · ~$91,496,053/day. Multi-screen agreement → highest conviction sleeve."
54,GTLS,,,CORE,49.6,5,Darvas breakout; Quality A/B; Actionable setup; ML bullish; Above EMA50,209.9,0.0,83644081.0,T1_MOST_LIQUID,70.0,B,BREAKOUT_BUY,ABOVE_200DMA,,NO,FAIL,,FAIL,,,FAIL,,,,,1.0,1.0,BULLISH,0.624,0.809,"nan (nan). Hits: Darvas breakout; Quality A/B; Actionable setup; ML bullish; Above EMA50. Price $209.90, +0.0% day. Breakout quality B (70). Liquidity T1_MOST_LIQUID · ~$83,644,081/day. Multi-screen agreement → highest conviction sleeve."
55,BTSG,"BrightSpring Health Services, I",Healthcare,CORE,49.6,4,Piotroski strong; Bull Cartel; Quality A/B; Above EMA50,69.04,-1.0,37662274.0,T2_LIQUID,61.5,B,IN_BOX,ABOVE_200DMA,7.0,YES,FAIL,3/6,FAIL,6.47,1.91,PASS,-6.13,18.69,25.56,403.58,1.0,0.0,NEUTRAL,0.253,0.028,"BrightSpring Health Services, I (Healthcare). Hits: Piotroski strong; Bull Cartel; Quality A/B; Above EMA50. Price $69.04, -1.0% day. Piotroski F=7. Avg ROE -6.1%. Breakout quality B (62). Liquidity T2_LIQUID · ~$37,662,274/day. Multi-screen agreement → highest conviction sleeve."
56,SHEL,,,CORE,49.4,5,Darvas breakout; Quality A/B; Actionable setup; ML bullish; Above EMA50,88.48,0.81,252491528.0,T1_MOST_LIQUID,67.5,B,BREAKOUT_BUY,ABOVE_200DMA,,NO,FAIL,,FAIL,,,FAIL,,,,,1.0,1.0,BULLISH,3.738,0.588,"nan (nan). Hits: Darvas breakout; Quality A/B; Actionable setup; ML bullish; Above EMA50. Price $88.48, +0.8% day. Breakout quality B (68). Liquidity T1_MOST_LIQUID · ~$252,491,528/day. Multi-screen agreement → highest conviction sleeve."
57,SIG,,,CORE,49.4,5,Darvas breakout; Quality A/B; Actionable setup; ML bullish; Above EMA50,89.35,-1.4,62039509.0,T1_MOST_LIQUID,67.5,B,BREAKOUT_BUY,BELOW_200DMA,,NO,FAIL,,FAIL,,,FAIL,,,,,1.0,1.0,BULLISH,13.925,1.0,"nan (nan). Hits: Darvas breakout; Quality A/B; Actionable setup; ML bullish; Above EMA50. Price $89.35, -1.4% day. Breakout quality B (68). Liquidity T1_MOST_LIQUID · ~$62,039,509/day. Multi-screen agreement → highest conviction sleeve."
58,NOV,,,CORE,49.4,5,Darvas breakout; Quality A/B; Actionable setup; ML bullish; Above EMA50,20.2,-0.64,57833416.0,T1_MOST_LIQUID,67.5,B,BREAKOUT_BUY,ABOVE_200DMA,,NO,FAIL,,FAIL,,,FAIL,,,,,1.0,1.0,BULLISH,6.851,0.719,"nan (nan). Hits: Darvas breakout; Quality A/B; Actionable setup; ML bullish; Above EMA50. Price $20.20, -0.6% day. Breakout quality B (68). Liquidity T1_MOST_LIQUID · ~$57,833,416/day. Multi-screen agreement → highest conviction sleeve."
59,GPCR,Structure Therapeutics Inc.,Healthcare,CORE,49.4,5,Darvas breakout; Quality A/B; Actionable setup; ML bullish; Above EMA50,51.07,1.31,22411118.0,T2_LIQUID,63.0,B,BREAKOUT_BUY,BELOW_200DMA,2.0,NO,FAIL,2/6,FAIL,-12.28,-9.25,FAIL,-14.42,,,-62.21,1.0,1.0,BULLISH,25.362,0.65,"Structure Therapeutics Inc. (Healthcare). Hits: Darvas breakout; Quality A/B; Actionable setup; ML bullish; Above EMA50. Price $51.07, +1.3% day. Piotroski F=2. Avg ROE -14.4%. Breakout quality B (63). Liquidity T2_LIQUID · ~$22,411,118/day. Multi-screen agreement → highest conviction sleeve."
60,DBD,,,CORE,49.4,5,Darvas breakout; Quality A/B; Actionable setup; ML bullish; Above EMA50,87.56,0.52,7783200.0,T2_LIQUID,80.0,A,BREAKOUT_BUY,ABOVE_200DMA,,NO,FAIL,,FAIL,,,FAIL,,,,,1.0,1.0,BULLISH,6.049,0.587,"nan (nan). Hits: Darvas breakout; Quality A/B; Actionable setup; ML bullish; Above EMA50. Price $87.56, +0.5% day. Breakout quality A (80). Liquidity T2_LIQUID · ~$7,783,200/day. Multi-screen agreement → highest conviction sleeve."
61,CSTL,,,CORE,49.4,5,Darvas breakout; Quality A/B; Actionable setup; ML bullish; Above EMA50,25.22,1.65,7060669.0,T2_LIQUID,80.0,A,BREAKOUT_BUY,BELOW_200DMA,,NO,FAIL,,FAIL,,,FAIL,,,,,1.0,1.0,BULLISH,10.657,0.581,"nan (nan). Hits: Darvas breakout; Quality A/B; Actionable setup; ML bullish; Above EMA50. Price $25.22, +1.6% day. Breakout quality A (80). Liquidity T2_LIQUID · ~$7,060,669/day. Multi-screen agreement → highest conviction sleeve."
62,DVN,,,CORE,49.2,5,Darvas breakout; Quality A/B; Actionable setup; ML bullish; Above EMA50,45.47,1.31,353766118.0,T1_MOST_LIQUID,64.5,B,BREAKOUT_BUY,ABOVE_200DMA,,NO,FAIL,,FAIL,,,FAIL,,,,,1.0,1.0,BULLISH,7.897,0.836,"nan (nan). Hits: Darvas breakout; Quality A/B; Actionable setup; ML bullish; Above EMA50. Price $45.47, +1.3% day. Breakout quality B (64). Liquidity T1_MOST_LIQUID · ~$353,766,118/day. Multi-screen agreement → highest conviction sleeve."
63,BP,,,CORE,49.2,5,Darvas breakout; Quality A/B; Actionable setup; ML bullish; Above EMA50,44.08,1.75,257644413.0,T1_MOST_LIQUID,64.5,B,BREAKOUT_BUY,ABOVE_200DMA,,NO,FAIL,,FAIL,,,FAIL,,,,,1.0,1.0,BULLISH,7.14,0.902,"nan (nan). Hits: Darvas breakout; Quality A/B; Actionable setup; ML bullish; Above EMA50. Price $44.08, +1.8% day. Breakout quality B (64). Liquidity T1_MOST_LIQUID · ~$257,644,413/day. Multi-screen agreement → highest conviction sleeve."
64,PBR,,,CORE,49.2,5,Darvas breakout; Quality A/B; Actionable setup; ML bullish; Above EMA50,19.15,1.38,189400151.0,T1_MOST_LIQUID,64.5,B,BREAKOUT_BUY,ABOVE_200DMA,,NO,FAIL,,FAIL,,,FAIL,,,,,1.0,1.0,BULLISH,8.381,0.839,"nan (nan). Hits: Darvas breakout; Quality A/B; Actionable setup; ML bullish; Above EMA50. Price $19.15, +1.4% day. Breakout quality B (64). Liquidity T1_MOST_LIQUID · ~$189,400,151/day. Multi-screen agreement → highest conviction sleeve."
65,PRU,,,CORE,49.2,5,Darvas breakout; Quality A/B; Actionable setup; ML bullish; Above EMA50,117.72,-0.95,149438135.0,T1_MOST_LIQUID,64.5,B,BREAKOUT_BUY,ABOVE_200DMA,,NO,FAIL,,FAIL,,,FAIL,,,,,1.0,1.0,BULLISH,5.832,0.913,"nan (nan). Hits: Darvas breakout; Quality A/B; Actionable setup; ML bullish; Above EMA50. Price $117.72, -0.9% day. Breakout quality B (64). Liquidity T1_MOST_LIQUID · ~$149,438,135/day. Multi-screen agreement → highest conviction sleeve."
66,TX,,,CORE,49.2,5,Darvas breakout; Quality A/B; Actionable setup; ML bullish; Above EMA50,47.13,1.9,7252072.0,T2_LIQUID,77.8,B,BREAKOUT_BUY,ABOVE_200DMA,,NO,FAIL,,FAIL,,,FAIL,,,,,1.0,1.0,BULLISH,6.571,0.78,"nan (nan). Hits: Darvas breakout; Quality A/B; Actionable setup; ML bullish; Above EMA50. Price $47.13, +1.9% day. Breakout quality B (78). Liquidity T2_LIQUID · ~$7,252,072/day. Multi-screen agreement → highest conviction sleeve."
67,LNG,,,CORE,49.0,5,Darvas breakout; Quality A/B; Actionable setup; ML bullish; Above EMA50,272.32,1.84,289759635.0,T1_MOST_LIQUID,63.0,B,BREAKOUT_BUY,ABOVE_200DMA,,NO,FAIL,,FAIL,,,FAIL,,,,,1.0,1.0,BULLISH,9.203,0.979,"nan (nan). Hits: Darvas breakout; Quality A/B; Actionable setup; ML bullish; Above EMA50. Price $272.32, +1.8% day. Breakout quality B (63). Liquidity T1_MOST_LIQUID · ~$289,759,635/day. Multi-screen agreement → highest conviction sleeve."
68,HSBC,,,CORE,49.0,5,Darvas breakout; Quality A/B; Actionable setup; ML bullish; Above EMA50,101.84,-1.23,65445796.0,T1_MOST_LIQUID,63.0,B,BREAKOUT_BUY,ABOVE_200DMA,,NO,FAIL,,FAIL,,,FAIL,,,,,1.0,1.0,BULLISH,18.032,1.0,"nan (nan). Hits: Darvas breakout; Quality A/B; Actionable setup; ML bullish; Above EMA50. Price $101.84, -1.2% day. Breakout quality B (63). Liquidity T1_MOST_LIQUID · ~$65,445,796/day. Multi-screen agreement → highest conviction sleeve."
69,VIRT,,,CORE,49.0,5,Darvas breakout; Quality A/B; Actionable setup; ML bullish; Above EMA50,60.23,1.12,25718573.0,T2_LIQUID,75.0,B,BREAKOUT_BUY,ABOVE_200DMA,,NO,FAIL,,FAIL,,,FAIL,,,,,1.0,1.0,BULLISH,10.706,1.0,"nan (nan). Hits: Darvas breakout; Quality A/B; Actionable setup; ML bullish; Above EMA50. Price $60.23, +1.1% day. Breakout quality B (75). Liquidity T2_LIQUID · ~$25,718,573/day. Multi-screen agreement → highest conviction sleeve."
70,OII,,,CORE,49.0,5,Darvas breakout; Quality A/B; Actionable setup; ML bullish; Above EMA50,48.72,8.27,15862890.0,T2_LIQUID,75.0,B,BREAKOUT_BUY,ABOVE_200DMA,,NO,FAIL,,FAIL,,,FAIL,,,,,1.0,1.0,BULLISH,12.031,1.0,"nan (nan). Hits: Darvas breakout; Quality A/B; Actionable setup; ML bullish; Above EMA50. Price $48.72, +8.3% day. Breakout quality B (75). Liquidity T2_LIQUID · ~$15,862,890/day. Multi-screen agreement → highest conviction sleeve."
71,FCNCA,"First Citizens BancShares, Inc.",Financial Services,CORE,49.0,4,Darvas breakout; Quality A/B; Actionable setup; Above EMA50,2205.1,6.14,117522298.0,T1_MOST_LIQUID,83.8,A,BREAKOUT_BUY,ABOVE_200DMA,5.0,NO,FAIL,5/6,FAIL,,,FAIL,21.93,26.91,0.74,10.56,1.0,1.0,BULLISH,3.646,0.549,"First Citizens BancShares, Inc. (Financial Services). Hits: Darvas breakout; Quality A/B; Actionable setup; Above EMA50. Price $2205.10, +6.1% day. Piotroski F=5. Avg ROE 21.9%. Breakout quality A (84). Liquidity T1_MOST_LIQUID · ~$117,522,298/day. Multi-screen agreement → highest conviction sleeve."
72,PCG,,,CORE,48.9,5,Darvas breakout; Quality A/B; Actionable setup; ML bullish; Above EMA50,17.69,-2.32,240817527.0,T1_MOST_LIQUID,61.5,B,BREAKOUT_BUY,ABOVE_200DMA,,NO,FAIL,,FAIL,,,FAIL,,,,,1.0,1.0,BULLISH,6.211,0.894,"nan (nan). Hits: Darvas breakout; Quality A/B; Actionable setup; ML bullish; Above EMA50. Price $17.69, -2.3% day. Breakout quality B (62). Liquidity T1_MOST_LIQUID · ~$240,817,527/day. Multi-screen agreement → highest conviction sleeve."
73,MUSA,,,CORE,48.9,5,Darvas breakout; Quality A/B; Actionable setup; ML bullish; Above EMA50,620.65,0.45,81240873.0,T1_MOST_LIQUID,61.5,B,BREAKOUT_BUY,ABOVE_200DMA,,NO,FAIL,,FAIL,,,FAIL,,,,,1.0,1.0,BULLISH,7.976,0.728,"nan (nan). Hits: Darvas breakout; Quality A/B; Actionable setup; ML bullish; Above EMA50. Price $620.65, +0.5% day. Breakout quality B (62). Liquidity T1_MOST_LIQUID · ~$81,240,873/day. Multi-screen agreement → highest conviction sleeve."
74,MUR,,,CORE,48.9,5,Darvas breakout; Quality A/B; Actionable setup; ML bullish; Above EMA50,39.5,1.91,54991565.0,T1_MOST_LIQUID,61.5,B,BREAKOUT_BUY,ABOVE_200DMA,,NO,FAIL,,FAIL,,,FAIL,,,,,1.0,1.0,BULLISH,8.219,0.708,"nan (nan). Hits: Darvas breakout; Quality A/B; Actionable setup; ML bullish; Above EMA50. Price $39.50, +1.9% day. Breakout quality B (62). Liquidity T1_MOST_LIQUID · ~$54,991,565/day. Multi-screen agreement → highest conviction sleeve."
75,PAM,,,CORE,48.8,5,Darvas breakout; Quality A/B; Actionable setup; ML bullish; Above EMA50,88.87,-0.58,8049079.0,T2_LIQUID,64.5,B,BREAKOUT_BUY,ABOVE_200DMA,1.0,NO,FAIL,1/6,FAIL,,,FAIL,,2.99,,,1.0,1.0,BULLISH,14.701,1.0,"nan (nan). Hits: Darvas breakout; Quality A/B; Actionable setup; ML bullish; Above EMA50. Price $88.87, -0.6% day. Piotroski F=1. Breakout quality B (64). Liquidity T2_LIQUID · ~$8,049,079/day. Multi-screen agreement → highest conviction sleeve."
76,YPF,,,CORE,48.6,5,Darvas breakout; Quality A/B; Actionable setup; ML bullish; Above EMA50,52.36,-0.29,31382685.0,T2_LIQUID,70.0,B,BREAKOUT_BUY,ABOVE_200DMA,,NO,FAIL,,FAIL,,,FAIL,,,,,1.0,1.0,BULLISH,17.145,1.0,"nan (nan). Hits: Darvas breakout; Quality A/B; Actionable setup; ML bullish; Above EMA50. Price $52.36, -0.3% day. Breakout quality B (70). Liquidity T2_LIQUID · ~$31,382,685/day. Multi-screen agreement → highest conviction sleeve."
77,LXP,,,CORE,48.6,5,Darvas breakout; Quality A/B; Actionable setup; ML bullish; Above EMA50,60.74,-0.67,18467599.0,T2_LIQUID,70.0,B,BREAKOUT_BUY,ABOVE_200DMA,,NO,FAIL,,FAIL,,,FAIL,,,,,1.0,1.0,BULLISH,3.848,0.659,"nan (nan). Hits: Darvas breakout; Quality A/B; Actionable setup; ML bullish; Above EMA50. Price $60.74, -0.7% day. Breakout quality B (70). Liquidity T2_LIQUID · ~$18,467,599/day. Multi-screen agreement → highest conviction sleeve."
78,DRH,,,CORE,48.6,5,Darvas breakout; Quality A/B; Actionable setup; ML bullish; Above EMA50,12.65,-1.94,16112109.0,T2_LIQUID,70.0,B,BREAKOUT_BUY,ABOVE_200DMA,,NO,FAIL,,FAIL,,,FAIL,,,,,1.0,1.0,BULLISH,13.363,1.0,"nan (nan). Hits: Darvas breakout; Quality A/B; Actionable setup; ML bullish; Above EMA50. Price $12.65, -1.9% day. Breakout quality B (70). Liquidity T2_LIQUID · ~$16,112,109/day. Multi-screen agreement → highest conviction sleeve."
79,FWRD,,,CORE,48.6,5,Darvas breakout; Quality A/B; Actionable setup; ML bullish; Above EMA50,15.38,-4.29,15790981.0,T2_LIQUID,70.0,B,BREAKOUT_BUY,BELOW_200DMA,,NO,FAIL,,FAIL,,,FAIL,,,,,1.0,1.0,BULLISH,21.911,0.824,"nan (nan). Hits: Darvas breakout; Quality A/B; Actionable setup; ML bullish; Above EMA50. Price $15.38, -4.3% day. Breakout quality B (70). Liquidity T2_LIQUID · ~$15,790,981/day. Multi-screen agreement → highest conviction sleeve."
80,EC,,,CORE,48.6,5,Darvas breakout; Quality A/B; Actionable setup; ML bullish; Above EMA50,16.54,-0.9,14115695.0,T2_LIQUID,70.0,B,BREAKOUT_BUY,ABOVE_200DMA,,NO,FAIL,,FAIL,,,FAIL,,,,,1.0,1.0,BULLISH,8.4,0.747,"nan (nan). Hits: Darvas breakout; Quality A/B; Actionable setup; ML bullish; Above EMA50. Price $16.54, -0.9% day. Breakout quality B (70). Liquidity T2_LIQUID · ~$14,115,695/day. Multi-screen agreement → highest conviction sleeve."
81,AEG,,,CORE,48.6,5,Darvas breakout; Quality A/B; Actionable setup; ML bullish; Above EMA50,9.05,-1.2,13594606.0,T2_LIQUID,70.2,B,BREAKOUT_BUY,ABOVE_200DMA,,NO,FAIL,,FAIL,,,FAIL,,,,,1.0,1.0,BULLISH,10.096,1.0,"nan (nan). Hits: Darvas breakout; Quality A/B; Actionable setup; ML bullish; Above EMA50. Price $9.05, -1.2% day. Breakout quality B (70). Liquidity T2_LIQUID · ~$13,594,606/day. Multi-screen agreement → highest conviction sleeve."
82,AKR,,,CORE,48.6,5,Darvas breakout; Quality A/B; Actionable setup; ML bullish; Above EMA50,21.92,-1.75,13048271.0,T2_LIQUID,70.0,B,BREAKOUT_BUY,ABOVE_200DMA,,NO,FAIL,,FAIL,,,FAIL,,,,,1.0,1.0,BULLISH,9.462,1.0,"nan (nan). Hits: Darvas breakout; Quality A/B; Actionable setup; ML bullish; Above EMA50. Price $21.92, -1.8% day. Breakout quality B (70). Liquidity T2_LIQUID · ~$13,048,271/day. Multi-screen agreement → highest conviction sleeve."
83,CSX,CSX Corporation,Industrials,CORE,48.6,4,Darvas breakout; Quality A/B; Actionable setup; Above EMA50,52.76,5.67,406841087.0,T1_MOST_LIQUID,77.8,B,BREAKOUT_BUY,ABOVE_200DMA,5.0,NO,FAIL,4/6,FAIL,11.38,4.15,FAIL,28.24,-1.74,1.72,24.92,1.0,1.0,BEARISH,-9.33,1.0,"CSX Corporation (Industrials). Hits: Darvas breakout; Quality A/B; Actionable setup; Above EMA50. Price $52.76, +5.7% day. Piotroski F=5. Avg ROE 28.2%. Breakout quality B (78). Liquidity T1_MOST_LIQUID · ~$406,841,087/day. Multi-screen agreement → highest conviction sleeve."
84,APA,,,CORE,48.6,4,Darvas breakout; Quality A/B; Actionable setup; Above EMA50,36.65,1.3,171352293.0,T1_MOST_LIQUID,70.0,B,BREAKOUT_BUY,ABOVE_200DMA,6.0,NO,FAIL,5/6,FAIL,20.2,25.14,FAIL,249.58,-6.96,-11.72,28.53,1.0,1.0,BEARISH,-8.234,0.671,"nan (nan). Hits: Darvas breakout; Quality A/B; Actionable setup; Above EMA50. Price $36.65, +1.3% day. Piotroski F=6. Avg ROE 249.6%. Breakout quality B (70). Liquidity T1_MOST_LIQUID · ~$171,352,293/day. Multi-screen agreement → highest conviction sleeve."
85,BFH,,,CORE,48.5,5,Darvas breakout; Quality A/B; Actionable setup; ML bullish; Above EMA50,102.77,0.88,35908699.0,T2_LIQUID,69.0,B,BREAKOUT_BUY,ABOVE_200DMA,,NO,FAIL,,FAIL,,,FAIL,,,,,1.0,1.0,BULLISH,9.239,0.835,"nan (nan). Hits: Darvas breakout; Quality A/B; Actionable setup; ML bullish; Above EMA50. Price $102.77, +0.9% day. Breakout quality B (69). Liquidity T2_LIQUID · ~$35,908,699/day. Multi-screen agreement → highest conviction sleeve."
86,SBLK,,,CORE,48.5,5,Darvas breakout; Quality A/B; Actionable setup; ML bullish; Above EMA50,26.99,0.82,25457999.0,T2_LIQUID,69.0,B,BREAKOUT_BUY,ABOVE_200DMA,,NO,FAIL,,FAIL,,,FAIL,,,,,1.0,1.0,BULLISH,5.573,0.657,"nan (nan). Hits: Darvas breakout; Quality A/B; Actionable setup; ML bullish; Above EMA50. Price $26.99, +0.8% day. Breakout quality B (69). Liquidity T2_LIQUID · ~$25,457,999/day. Multi-screen agreement → highest conviction sleeve."
87,BCO,,,CORE,48.5,5,Darvas breakout; Quality A/B; Actionable setup; ML bullish; Above EMA50,122.14,-0.48,19384560.0,T2_LIQUID,69.0,B,BREAKOUT_BUY,BELOW_200DMA,,NO,FAIL,,FAIL,,,FAIL,,,,,1.0,1.0,BULLISH,9.901,1.0,"nan (nan). Hits: Darvas breakout; Quality A/B; Actionable setup; ML bullish; Above EMA50. Price $122.14, -0.5% day. Breakout quality B (69). Liquidity T2_LIQUID · ~$19,384,560/day. Multi-screen agreement → highest conviction sleeve."
88,GBX,,,CORE,48.5,5,Darvas breakout; Quality A/B; Actionable setup; ML bullish; Above EMA50,51.74,1.19,11910334.0,T2_LIQUID,69.0,B,BREAKOUT_BUY,BELOW_200DMA,,NO,FAIL,,FAIL,,,FAIL,,,,,1.0,1.0,BULLISH,9.82,1.0,"nan (nan). Hits: Darvas breakout; Quality A/B; Actionable setup; ML bullish; Above EMA50. Price $51.74, +1.2% day. Breakout quality B (69). Liquidity T2_LIQUID · ~$11,910,334/day. Multi-screen agreement → highest conviction sleeve."
89,TRMD,,,CORE,48.5,5,Darvas breakout; Quality A/B; Actionable setup; ML bullish; Above EMA50,30.12,2.17,9144659.0,T2_LIQUID,68.8,B,BREAKOUT_BUY,ABOVE_200DMA,,NO,FAIL,,FAIL,,,FAIL,,,,,1.0,1.0,BULLISH,13.568,1.0,"nan (nan). Hits: Darvas breakout; Quality A/B; Actionable setup; ML bullish; Above EMA50. Price $30.12, +2.2% day. Breakout quality B (69). Liquidity T2_LIQUID · ~$9,144,659/day. Multi-screen agreement → highest conviction sleeve."
90,ELVN,"Enliven Therapeutics, Inc.",Healthcare,CORE,48.5,5,Darvas breakout; Quality A/B; Actionable setup; ML bullish; Above EMA50,52.62,-0.44,2691198.0,T3_MID,63.0,B,BREAKOUT_BUY,ABOVE_200DMA,3.0,NO,FAIL,2/6,FAIL,-26.04,-3.71,FAIL,-26.8,,,17.23,1.0,1.0,BULLISH,17.834,0.632,"Enliven Therapeutics, Inc. (Healthcare). Hits: Darvas breakout; Quality A/B; Actionable setup; ML bullish; Above EMA50. Price $52.62, -0.4% day. Piotroski F=3. Avg ROE -26.8%. Breakout quality B (63). Liquidity T3_MID · ~$2,691,198/day. Multi-screen agreement → highest conviction sleeve."
91,BLTE,"Belite Bio, Inc",Healthcare,CORE,48.5,5,Darvas breakout; Quality A/B; Actionable setup; ML bullish; Above EMA50,156.01,-0.72,2225700.0,T3_MID,63.0,B,BREAKOUT_BUY,BELOW_200DMA,3.0,NO,FAIL,1/6,FAIL,-10.07,-1.33,FAIL,-25.08,,,-88.68,1.0,1.0,BULLISH,8.617,0.614,"Belite Bio, Inc (Healthcare). Hits: Darvas breakout; Quality A/B; Actionable setup; ML bullish; Above EMA50. Price $156.01, -0.7% day. Piotroski F=3. Avg ROE -25.1%. Breakout quality B (63). Liquidity T3_MID · ~$2,225,700/day. Multi-screen agreement → highest conviction sleeve."
92,ACVA,,,CORE,48.4,5,Darvas breakout; Quality A/B; Actionable setup; ML bullish; Above EMA50,7.53,-1.95,16985188.0,T2_LIQUID,67.5,B,BREAKOUT_BUY,BELOW_200DMA,,NO,FAIL,,FAIL,,,FAIL,,,,,1.0,1.0,BULLISH,17.25,0.771,"nan (nan). Hits: Darvas breakout; Quality A/B; Actionable setup; ML bullish; Above EMA50. Price $7.53, -1.9% day. Breakout quality B (68). Liquidity T2_LIQUID · ~$16,985,188/day. Multi-screen agreement → highest conviction sleeve."
93,CLSK,,,CORE,48.3,4,Darvas breakout; Quality A/B; Actionable setup; Above EMA50,15.74,2.74,140788227.0,T1_MOST_LIQUID,75.0,B,BREAKOUT_BUY,ABOVE_200DMA,5.0,NO,FAIL,2/6,FAIL,14.47,,FAIL,-6.54,79.94,-24.93,-172.6,1.0,1.0,BEARISH,-25.656,0.951,"nan (nan). Hits: Darvas breakout; Quality A/B; Actionable setup; Above EMA50. Price $15.74, +2.7% day. Piotroski F=5. Avg ROE -6.5%. Breakout quality B (75). Liquidity T1_MOST_LIQUID · ~$140,788,227/day. Multi-screen agreement → highest conviction sleeve."
94,SHO,,,CORE,48.2,5,Darvas breakout; Quality A/B; Actionable setup; ML bullish; Above EMA50,11.6,-1.28,19782039.0,T2_LIQUID,64.5,B,BREAKOUT_BUY,ABOVE_200DMA,,NO,FAIL,,FAIL,,,FAIL,,,,,1.0,1.0,BULLISH,6.276,1.0,"nan (nan). Hits: Darvas breakout; Quality A/B; Actionable setup; ML bullish; Above EMA50. Price $11.60, -1.3% day. Breakout quality B (64). Liquidity T2_LIQUID · ~$19,782,039/day. Multi-screen agreement → highest conviction sleeve."
95,ATHM,,,CORE,48.2,5,Darvas breakout; Quality A/B; Actionable setup; ML bullish; Above EMA50,21.23,-1.3,12219046.0,T2_LIQUID,64.5,B,BREAKOUT_BUY,BELOW_200DMA,,NO,FAIL,,FAIL,,,FAIL,,,,,1.0,1.0,BULLISH,6.637,0.706,"nan (nan). Hits: Darvas breakout; Quality A/B; Actionable setup; ML bullish; Above EMA50. Price $21.23, -1.3% day. Breakout quality B (64). Liquidity T2_LIQUID · ~$12,219,046/day. Multi-screen agreement → highest conviction sleeve."
96,KNTK,,,CORE,48.2,5,Darvas breakout; Quality A/B; Actionable setup; ML bullish; Above EMA50,51.69,0.14,11016163.0,T2_LIQUID,64.5,B,BREAKOUT_BUY,ABOVE_200DMA,,NO,FAIL,,FAIL,,,FAIL,,,,,1.0,1.0,BULLISH,14.597,1.0,"nan (nan). Hits: Darvas breakout; Quality A/B; Actionable setup; ML bullish; Above EMA50. Price $51.69, +0.1% day. Breakout quality B (64). Liquidity T2_LIQUID · ~$11,016,163/day. Multi-screen agreement → highest conviction sleeve."
97,VTRS,Viatris Inc.,Healthcare,CORE,48.1,4,Darvas breakout; Quality A/B; Actionable setup; Above EMA50,17.12,0.65,86990633.0,T1_MOST_LIQUID,80.0,A,BREAKOUT_BUY,ABOVE_200DMA,4.0,NO,FAIL,3/6,FAIL,-10.61,-10.24,FAIL,-4.29,-4.2,8.07,105.8,1.0,1.0,BEARISH,-5.567,0.621,"Viatris Inc. (Healthcare). Hits: Darvas breakout; Quality A/B; Actionable setup; Above EMA50. Price $17.12, +0.7% day. Piotroski F=4. Avg ROE -4.3%. Breakout quality A (80). Liquidity T1_MOST_LIQUID · ~$86,990,633/day. Multi-screen agreement → highest conviction sleeve."
98,SDRL,,,CORE,48.0,5,Darvas breakout; Quality A/B; Actionable setup; ML bullish; Above EMA50,45.24,0.94,26381423.0,T2_LIQUID,63.0,B,BREAKOUT_BUY,ABOVE_200DMA,,NO,FAIL,,FAIL,,,FAIL,,,,,1.0,1.0,BULLISH,6.845,0.653,"nan (nan). Hits: Darvas breakout; Quality A/B; Actionable setup; ML bullish; Above EMA50. Price $45.24, +0.9% day. Breakout quality B (63). Liquidity T2_LIQUID · ~$26,381,423/day. Multi-screen agreement → highest conviction sleeve."
99,AWR,,,CORE,48.0,5,Darvas breakout; Quality A/B; Actionable setup; ML bullish; Above EMA50,87.03,0.0,14337734.0,T2_LIQUID,63.0,B,BREAKOUT_BUY,ABOVE_200DMA,,NO,FAIL,,FAIL,,,FAIL,,,,,1.0,1.0,BULLISH,3.391,0.614,"nan (nan). Hits: Darvas breakout; Quality A/B; Actionable setup; ML bullish; Above EMA50. Price $87.03, +0.0% day. Breakout quality B (63). Liquidity T2_LIQUID · ~$14,337,734/day. Multi-screen agreement → highest conviction sleeve."
100,WDS,,,CORE,48.0,5,Darvas breakout; Quality A/B; Actionable setup; ML bullish; Above EMA50,22.5,0.31,10675134.0,T2_LIQUID,63.0,B,BREAKOUT_BUY,ABOVE_200DMA,,NO,FAIL,,FAIL,,,FAIL,,,,,1.0,1.0,BULLISH,13.395,1.0,"nan (nan). Hits: Darvas breakout; Quality A/B; Actionable setup; ML bullish; Above EMA50. Price $22.50, +0.3% day. Breakout quality B (63). Liquidity T2_LIQUID · ~$10,675,134/day. Multi-screen agreement → highest conviction sleeve."
